"","player","team","position","headshot_url","date","pass_yds_line","pass_yds_over_price","pass_yds_under_price","rush_yds_line","rush_yds_over_price","rush_yds_under_price","rec_yds_line","rec_yds_over_price","rec_yds_under_price","pass_tds_line","pass_tds_over_price","pass_tds_under_price","rush_tds_line","rush_tds_over_price","rush_tds_under_price","rec_tds_line","rec_tds_over_price","rec_tds_under_price","rush_yds_expected","rush_tds_expected","rec_yds_expected","rec_tds_expected","pass_yds_expected","pass_tds_expected","implied_fantasy_points"
"1","Josh Allen","BUF","QB","https://static.www.nfl.com/image/upload/f_auto,q_auto/league/servs1fpsynfxep4rz2z",2025-09-07,3775.5,-114,-114,500.5,-114,-114,NA,NA,NA,27.5,112,-148,10.5,-104,-128,NA,NA,NA,533.242990654206,11.2218782249742,NA,NA,4022.4953271028,29.3204503956178,398.837183081849
"2","Lamar Jackson","BAL","QB","https://static.www.nfl.com/image/upload/f_auto,q_auto/league/cruqs6qpbykh7a2whd7p",2025-09-07,3475.5,-114,-114,775.5,-114,-114,NA,NA,NA,28.5,-114,-114,3.5,-178,132,NA,NA,NA,826.233644859813,3.85425452741255,NA,NA,3702.8691588785,30.3644859813084,375.32160193083
"3","Jayden Daniels","WAS","QB","https://static.www.nfl.com/image/upload/f_auto,q_auto/league/vrdweg39v1ay4zoc0lgp",2025-09-07,3425.5,-114,-114,675.5,-114,-114,NA,NA,NA,24.5,114,-158,5.5,-130,-102,NA,NA,NA,719.691588785047,5.91605682307361,NA,NA,3649.59813084112,26.3799174092589,358.969094687627
"4","Justin Fields","NYJ","QB","https://static.www.nfl.com/image/upload/f_auto,q_auto/league/vqcvybvs1vlqhkjvujbg",2025-09-07,3800.5,-114,-114,650.5,-114,-114,NA,NA,NA,14.5,-108,-122,6.5,-102,-130,NA,NA,NA,693.056074766355,6.92595781317262,NA,NA,4049.13084112149,15.4821552321552,334.755208929152
"5","Joe Burrow","CIN","QB","https://static.www.nfl.com/image/upload/f_auto,q_auto/league/gnnvcgui1cijybukk2w7",2025-09-07,4275.5,-114,-114,NA,NA,NA,NA,NA,NA,33.5,-122,-108,NA,NA,NA,NA,NA,NA,NA,NA,NA,NA,4555.20560747664,35.8193000693001,325.485424576266
"6","Kyler Murray","ARI","QB","https://static.www.nfl.com/image/upload/f_auto,q_auto/league/flezsremqighwuiyu77f",2025-09-07,3375.5,-114,-114,475.5,-114,-114,NA,NA,NA,20.5,100,-132,4.5,122,-162,NA,NA,NA,506.607476635514,4.72553469500034,NA,NA,3596.32710280374,21.8793103448276,310.384281325013
"7","Caleb Williams","CHI","QB","https://static.www.nfl.com/image/upload/f_auto,q_auto/league/h4qs11kutwiw7whekmyt",2025-09-07,3625.5,-114,-114,400.5,-114,-114,NA,NA,NA,22.5,-136,102,NA,NA,NA,NA,NA,NA,426.700934579439,NA,NA,NA,3862.68224299065,24.1453263970465,293.758688765756
"8","Jared Goff","DET","QB","https://static.www.nfl.com/image/upload/f_auto,q_auto/league/yggfwr4ak4po9byj0qor",2025-09-07,3875.5,-114,-114,NA,NA,NA,NA,NA,NA,28.5,-102,-130,NA,NA,NA,NA,NA,NA,NA,NA,NA,NA,4129.03738317757,30.4696513129574,287.040100578932
"9","Brock Purdy","SF","QB","https://static.www.nfl.com/image/upload/f_auto,q_auto/league/xykdxnvxpf9pobxvkjfj",2025-09-07,3850.5,-114,-114,NA,NA,NA,NA,NA,NA,24.5,100,-132,NA,NA,NA,NA,NA,NA,NA,NA,NA,NA,4102.40186915888,26.1551724137931,268.716764421528
"10","Jordan Love","GB","QB","https://static.www.nfl.com/image/upload/f_auto,q_auto/league/uneiwen9drvci9ahuebp",2025-09-07,3525.5,-114,-114,NA,NA,NA,NA,NA,NA,25.5,-102,-130,NA,NA,NA,NA,NA,NA,NA,NA,NA,NA,3756.14018691589,27.2591476538958,259.282198092219
"11","JJ McCarthy","MIN","QB","https://static.www.nfl.com/image/upload/f_auto,q_auto/league/omybnfokapjw6jwb5dd3",2025-09-07,3575.5,-114,-114,NA,NA,NA,NA,NA,NA,24.5,-102,-132,NA,NA,NA,NA,NA,NA,NA,NA,NA,NA,3809.41121495327,26.2789347900307,257.492187758254
"12","Trevor Lawrence","JAX","QB","https://static.www.nfl.com/image/upload/f_auto,q_auto/league/d75srntioly7fq0z8vip",2025-09-07,3750.5,-114,-114,NA,NA,NA,NA,NA,NA,22.5,-122,-108,NA,NA,NA,NA,NA,NA,NA,NA,NA,NA,3995.85981308411,24.0627165627166,256.085258774231
"13","CJ Stroud","HOU","QB","https://static.www.nfl.com/image/upload/f_auto,q_auto/league/tt4zrtxlhifaljhj0rn7",2025-09-07,3800.5,-114,-114,NA,NA,NA,NA,NA,NA,21.5,-108,-122,NA,NA,NA,NA,NA,NA,NA,NA,NA,NA,4049.13084112149,22.9636174636175,253.81970349933
"14","Bo Nix","DEN","QB","https://static.www.nfl.com/image/upload/f_auto,q_auto/league/igirshmrr6lqtxcpxsea",2025-09-07,3500.5,-114,-114,NA,NA,NA,NA,NA,NA,24.5,-114,-114,NA,NA,NA,NA,NA,NA,NA,NA,NA,NA,3729.5046728972,26.1028037383178,253.591401869159
"15","Tua Tagovailoa","MIA","QB","https://static.www.nfl.com/image/upload/f_auto,q_auto/league/ktqj3s5vofexl2dwrrp4",2025-09-07,3425.5,-114,-114,NA,NA,NA,NA,NA,NA,22.5,-114,-114,NA,NA,NA,NA,NA,NA,NA,NA,NA,NA,3649.59813084112,23.9719626168224,241.871775700935
"16","Geno Smith","LV","QB","https://static.www.nfl.com/image/upload/f_auto,q_auto/league/tqy0933vz5yogwlefb1s",2025-09-07,3600.5,-114,-114,NA,NA,NA,NA,NA,NA,20.5,100,-132,NA,NA,NA,NA,NA,NA,NA,NA,NA,NA,3836.04672897196,21.8793103448276,240.959110538189
"17","Bijan Robinson","ATL","RB","https://static.www.nfl.com/image/upload/f_auto,q_auto/league/rjaf9auhx3lrktzgwpfb",2025-09-07,NA,NA,NA,1200.5,-114,-114,375.5,-114,-114,NA,NA,NA,10.5,112,-148,NA,NA,NA,1279.03738317757,11.1564211807669,400.065420560748,NA,NA,NA,234.848807458433
"18","Aaron Rodgers","PIT","QB","https://static.www.nfl.com/image/upload/f_auto,q_auto/league/dypvakakxhccxs67tb0y",2025-09-07,3150.5,-114,-114,NA,NA,NA,NA,NA,NA,22.5,-108,-125,NA,NA,NA,NA,NA,NA,NA,NA,NA,NA,3356.60747663551,24.1645299145299,230.92241872354
"19","Sam Darnold","SEA","QB","https://static.www.nfl.com/image/upload/f_auto,q_auto/league/s5t8m6bhedjwwtfw3ild",2025-09-07,3350.5,-114,-114,NA,NA,NA,NA,NA,NA,20.5,112,-148,NA,NA,NA,NA,NA,NA,NA,NA,NA,NA,3569.69158878505,21.8411442483262,230.152240544707
"20","Drake Maye","NE","QB","https://static.www.nfl.com/image/upload/f_auto,q_auto/league/oyap81gtzcvnfmripis1",2025-09-07,3275.5,-114,-114,NA,NA,NA,NA,NA,NA,20.5,-108,-122,NA,NA,NA,NA,NA,NA,NA,NA,NA,NA,3489.78504672897,21.8948371448371,227.170750448507
"21","Michael Penix","ATL","QB","https://static.www.nfl.com/image/upload/f_auto,q_auto/league/azvyjzp2sa8cnljbp3i7",2025-09-07,3400.5,-114,-114,NA,NA,NA,NA,NA,NA,18.5,-130,-104,NA,NA,NA,NA,NA,NA,NA,NA,NA,NA,3622.96261682243,19.9156010230179,224.580908764969
"22","Derrick Henry","BAL","RB","https://static.www.nfl.com/image/upload/f_auto,q_auto/league/jxtikemnvpkw9r0ex2wv",2025-09-07,NA,NA,NA,1325.5,-114,-114,NA,NA,NA,NA,NA,NA,12.5,-130,-102,NA,NA,NA,1412.21495327103,13.4072320275506,NA,NA,NA,NA,221.664887492406
"23","Bryce Young","CAR","QB","https://static.www.nfl.com/image/upload/f_auto,q_auto/league/qy1lfhlzhiacsyzzm1j7",2025-09-07,3200.5,-114,-114,NA,NA,NA,NA,NA,NA,18.5,-102,-130,NA,NA,NA,NA,NA,NA,NA,NA,NA,NA,3409.8785046729,19.7679724494189,215.467029984591
"24","Cam Ward","TEN","QB","https://static.www.nfl.com/image/upload/f_auto,q_auto/league/viadutkbvligsopnd2qn",2025-09-07,3200.5,-114,-114,NA,NA,NA,NA,NA,NA,18.5,100,-132,NA,NA,NA,NA,NA,NA,NA,NA,NA,NA,3409.8785046729,19.7413793103448,215.360657428295
"25","JaMarr Chase","CIN","WR","https://static.www.nfl.com/image/upload/f_auto,q_auto/league/qya3dtjb5kgofcuj2tuw",2025-09-07,NA,NA,NA,NA,NA,NA,1325.5,-114,-114,NA,NA,NA,NA,NA,NA,10.5,-130,-102,NA,NA,1412.21495327103,11.2668962548429,NA,NA,208.82287285616
"26","Jonathan Taylor","IND","RB","https://static.www.nfl.com/image/upload/f_auto,q_auto/league/uwmnrhwtwug0wrgkomjk",2025-09-07,NA,NA,NA,1200.5,-114,-114,NA,NA,NA,NA,NA,NA,9.5,-102,-130,NA,NA,NA,1279.03738317757,10.1364614722342,NA,NA,NA,NA,188.722507151162
"27","Josh Jacobs","GB","RB","https://static.www.nfl.com/image/upload/f_auto,q_auto/league/drtobqw2mk7yw3edjgwo",2025-09-07,NA,NA,NA,1050.5,-114,-114,NA,NA,NA,NA,NA,NA,10.5,112,-148,NA,NA,NA,1119.22429906542,11.1564211807669,NA,NA,NA,NA,178.860956991143
"28","Kyren Williams","LAR","RB","https://static.www.nfl.com/image/upload/f_auto,q_auto/league/smsyrjrwy0lf0hu9hkvg",2025-09-07,NA,NA,NA,1000.5,-114,-114,NA,NA,NA,NA,NA,NA,10.5,-102,-130,NA,NA,NA,1065.95327102804,11.206629358588,NA,NA,NA,NA,173.835103254332
"29","Drake London","ATL","WR","https://static.www.nfl.com/image/upload/f_auto,q_auto/league/np91pvk7mczra1iyjkmo",2025-09-07,NA,NA,NA,NA,NA,NA,1150.5,-114,-114,NA,NA,NA,NA,NA,NA,7.5,-106,-125,NA,NA,1225.76635514019,8.00539374325782,NA,NA,170.608997973566
"30","Malik Nabers","NYG","WR","https://static.www.nfl.com/image/upload/f_auto,q_auto/league/w3edoyyuomqlovvp9ixc",2025-09-07,NA,NA,NA,NA,NA,NA,1150.5,-114,-114,NA,NA,NA,NA,NA,NA,7.5,-108,-122,NA,NA,1225.76635514019,8.000693000693,NA,NA,170.580793518177
"31","Brian Thomas","JAX","WR","https://static.www.nfl.com/image/upload/f_auto,q_auto/league/plnekkriys4cm11rnxwl",2025-09-07,NA,NA,NA,NA,NA,NA,1150.5,-114,-114,NA,NA,NA,NA,NA,NA,7.5,120,-160,NA,NA,1225.76635514019,7.94405594405595,NA,NA,170.240971178354
"32","Amon-Ra St Brown","DET","WR","https://static.www.nfl.com/image/upload/f_auto,q_auto/league/fd8nwhm6pvxfyzphzl6i",2025-09-07,NA,NA,NA,NA,NA,NA,1075.5,-114,-114,NA,NA,NA,NA,NA,NA,8.5,-110,-120,NA,NA,1145.85981308411,9.07792207792208,NA,NA,169.053513775944
"33","Nico Collins","HOU","WR","https://static.www.nfl.com/image/upload/f_auto,q_auto/league/osmqyvmib3pssxi6cyic",2025-09-07,NA,NA,NA,NA,NA,NA,1150.5,-114,-114,NA,NA,NA,NA,NA,NA,6.5,-140,106,NA,NA,1225.76635514019,6.99595469255664,NA,NA,164.552363669358
"34","Puka Nacua","LAR","WR","https://static.www.nfl.com/image/upload/f_auto,q_auto/league/zvi4hdm6fywcekfe7ceb",2025-09-07,NA,NA,NA,NA,NA,NA,1200.5,-114,-114,NA,NA,NA,NA,NA,NA,5.5,-136,102,NA,NA,1279.03738317757,5.93287464339654,NA,NA,163.500986178136
"35","Ashton Jeanty","LV","RB","https://static.www.nfl.com/image/upload/f_auto,q_auto/league/syspis1mntov9kgspb7r",2025-09-07,NA,NA,NA,1075.5,-114,-114,NA,NA,NA,NA,NA,NA,7.5,-130,-102,NA,NA,NA,1145.85981308411,8.05639259578132,NA,NA,NA,NA,162.924336883099
"36","James Cook","BUF","RB","https://static.www.nfl.com/image/upload/f_auto,q_auto/league/bzdvrarxum9zate4te4b",2025-09-07,NA,NA,NA,950.5,-114,-114,NA,NA,NA,NA,NA,NA,8.5,-130,-102,NA,NA,NA,1012.68224299065,9.12656048213517,NA,NA,NA,NA,156.027587191876
"37","Bucky Irving","TB","RB","https://static.www.nfl.com/image/upload/f_auto,q_auto/league/hmgpumoxwhvrrkcjuuuw",2025-09-07,NA,NA,NA,1000.5,-114,-114,NA,NA,NA,NA,NA,NA,7.5,-102,-130,NA,NA,NA,1065.95327102804,7.99612569952647,NA,NA,NA,NA,154.572081299963
"38","Tyreek Hill","MIA","WR","https://static.www.nfl.com/image/upload/f_auto,q_auto/league/gg73gnfivrn80oyqwazl",2025-09-07,NA,NA,NA,NA,NA,NA,950.5,-114,-114,NA,NA,NA,NA,NA,NA,7.5,128,-172,NA,NA,1012.68224299065,7.93524251805986,NA,NA,148.879679407425
"39","Davante Adams","LAR","WR","https://static.www.nfl.com/image/upload/f_auto,q_auto/league/qtonvcqpixixqhc6lhnc",2025-09-07,NA,NA,NA,NA,NA,NA,925.5,-114,-114,NA,NA,NA,NA,NA,NA,7.5,-102,-136,NA,NA,986.046728971962,8.07350226548079,NA,NA,147.045686490081
"40","Terry McLaurin","WAS","WR","https://static.www.nfl.com/image/upload/f_auto,q_auto/league/wokz1etv1wj1vhbmvxgs",2025-09-07,NA,NA,NA,NA,NA,NA,975.5,-114,-114,NA,NA,NA,NA,NA,NA,6.5,-128,-104,NA,NA,1039.31775700935,6.98864809081527,NA,NA,145.863664245826
"41","Marvin Harrison","ARI","WR","https://static.www.nfl.com/image/upload/f_auto,q_auto/league/hwpoo1icpnh8emjvqaii",2025-09-07,NA,NA,NA,NA,NA,NA,975.5,-114,-114,NA,NA,NA,NA,NA,NA,6.5,-122,-108,NA,NA,1039.31775700935,6.96223146223146,NA,NA,145.705164474323
"42","Brock Bowers","LV","TE","https://static.www.nfl.com/image/upload/f_auto,q_auto/league/uzp2ffi0lomamxofsrhy",2025-09-07,NA,NA,NA,NA,NA,NA,1025.5,-114,-114,NA,NA,NA,NA,NA,NA,5.5,120,-160,NA,NA,1092.58878504673,5.8041958041958,NA,NA,144.084053329848
"43","Chuba Hubbard","CAR","RB","https://static.www.nfl.com/image/upload/f_auto,q_auto/league/pjgml85ghq7oa48dctn7",2025-09-07,NA,NA,NA,950.5,-114,-114,NA,NA,NA,NA,NA,NA,6.5,100,-132,NA,NA,NA,1012.68224299065,6.91379310344828,NA,NA,NA,NA,142.750982919755
"44","DJ Moore","CHI","WR","https://static.www.nfl.com/image/upload/f_auto,q_auto/league/qphturmeiifnqrnf5pax",2025-09-07,NA,NA,NA,NA,NA,NA,950.5,-114,-114,NA,NA,NA,NA,NA,NA,6.5,104,-138,NA,NA,1012.68224299065,6.91036414565826,NA,NA,142.730409173015
"45","James Conner","ARI","RB","https://static.www.nfl.com/image/upload/f_auto,q_auto/league/g5yjordcmt76j0saytzb",2025-09-07,NA,NA,NA,875.5,-114,-114,NA,NA,NA,NA,NA,NA,7.5,-108,-122,NA,NA,NA,932.775700934579,8.000693000693,NA,NA,NA,NA,141.281728097616
"46","DeVon Achane","MIA","RB","https://static.www.nfl.com/image/upload/f_auto,q_auto/league/xk1xwio0bryfxo1ylweu",2025-09-07,NA,NA,NA,875.5,-114,-114,NA,NA,NA,NA,NA,NA,7.5,116,-158,NA,NA,NA,932.775700934579,7.99052540913006,NA,NA,NA,NA,141.220722548238
"47","Chase Brown","CIN","RB","https://static.www.nfl.com/image/upload/f_auto,q_auto/league/pv3sq3uzosixxexbznq5",2025-09-07,NA,NA,NA,925.5,-114,-114,NA,NA,NA,NA,NA,NA,6.5,-114,-114,NA,NA,NA,986.046728971962,6.92523364485981,NA,NA,NA,NA,140.156074766355
"48","DK Metcalf","PIT","WR","https://static.www.nfl.com/image/upload/f_auto,q_auto/league/tknefloqsleltfmslj2y",2025-09-07,NA,NA,NA,NA,NA,NA,925.5,-114,-114,NA,NA,NA,NA,NA,NA,6.5,-114,-114,NA,NA,986.046728971962,6.92523364485981,NA,NA,140.156074766355
"49","Jaxon Smith-Njigba","SEA","WR","https://static.www.nfl.com/image/upload/f_auto,q_auto/league/jpvhsregfvw46mlyckzj",2025-09-07,NA,NA,NA,NA,NA,NA,975.5,-114,-114,NA,NA,NA,NA,NA,NA,5.5,-130,-102,NA,NA,1039.31775700935,5.91605682307361,NA,NA,139.428116639376
"50","Courtland Sutton","DEN","WR","https://static.www.nfl.com/image/upload/f_auto,q_auto/league/r2sr6cbma4c7wc3isejj",2025-09-07,NA,NA,NA,NA,NA,NA,900.5,-114,-114,NA,NA,NA,NA,NA,NA,6.5,-128,-104,NA,NA,959.411214953271,6.98864809081527,NA,NA,137.873010040219
"51","George Kittle","SF","TE","https://static.www.nfl.com/image/upload/f_auto,q_auto/league/ztz3xqjaqgok9m4nylgs",2025-09-07,NA,NA,NA,NA,NA,NA,900.5,-114,-114,NA,NA,NA,NA,NA,NA,6.5,118,-158,NA,NA,959.411214953271,6.88542777896309,NA,NA,137.253688169106
"52","Tony Pollard","TEN","RB","https://static.www.nfl.com/image/upload/f_auto,q_auto/league/dvpdczetkdhrqpm8izmd",2025-09-07,NA,NA,NA,950.5,-114,-114,NA,NA,NA,NA,NA,NA,5.5,-114,-114,NA,NA,NA,1012.68224299065,5.85981308411215,NA,NA,NA,NA,136.427102803738
"53","Calvin Ridley","TEN","WR","https://static.www.nfl.com/image/upload/f_auto,q_auto/league/l96rlegwqz7qfakbdtlp",2025-09-07,NA,NA,NA,NA,NA,NA,925.5,-114,-114,NA,NA,NA,NA,NA,NA,5.5,-114,-114,NA,NA,986.046728971962,5.85981308411215,NA,NA,133.763551401869
"54","Jaylen Waddle","MIA","WR","https://static.www.nfl.com/image/upload/f_auto,q_auto/league/dsxd2zcqm42wsv4ewtfc",2025-09-07,NA,NA,NA,NA,NA,NA,925.5,-114,-114,NA,NA,NA,NA,NA,NA,5.5,154,-210,NA,NA,986.046728971962,5.749301498603,NA,NA,133.100481888814
"55","Kenneth Walker","SEA","RB","https://static.www.nfl.com/image/upload/f_auto,q_auto/league/ielqdthtspzi0ufvs4tw",2025-09-07,NA,NA,NA,850.5,-114,-114,NA,NA,NA,NA,NA,NA,6.5,-122,-108,NA,NA,NA,906.140186915888,6.96223146223146,NA,NA,NA,NA,132.387407464978
"56","David Montgomery","DET","RB","https://static.www.nfl.com/image/upload/f_auto,q_auto/league/xeb6fq4zimgkksq7uari",2025-09-07,NA,NA,NA,725.5,-114,-114,NA,NA,NA,NA,NA,NA,8.5,-148,112,NA,NA,NA,772.96261682243,9.14455264759586,NA,NA,NA,NA,132.163577567818
"57","Jameson Williams","DET","WR","https://static.www.nfl.com/image/upload/f_auto,q_auto/league/gpjarmglg1jhwq5wr1uu",2025-09-07,NA,NA,NA,NA,NA,NA,900.5,-114,-114,NA,NA,NA,NA,NA,NA,5.5,-108,-122,NA,NA,959.411214953271,5.86313236313236,NA,NA,131.119915674121
"58","Garrett Wilson","NYJ","WR","https://static.www.nfl.com/image/upload/f_auto,q_auto/league/kbijsheobhwej7lh8mvf",2025-09-07,NA,NA,NA,NA,NA,NA,950.5,-114,-114,NA,NA,NA,NA,NA,NA,4.5,-136,102,NA,NA,1012.68224299065,4.86155395200537,NA,NA,130.437548011098
"59","Baker Mayfield","TB","QB","https://static.www.nfl.com/image/upload/f_auto,q_auto/league/i2uufyghiphx4oihgucm",2025-09-07,NA,NA,NA,NA,NA,NA,NA,NA,NA,29.5,-122,-108,NA,NA,NA,NA,NA,NA,NA,NA,NA,NA,NA,31.5441787941788,126.176715176715
"60","Rome Odunze","CHI","WR","https://static.www.nfl.com/image/upload/f_auto,q_auto/league/yqjdhpsno75du0n72u4w",2025-09-07,NA,NA,NA,NA,NA,NA,850.5,-114,-114,NA,NA,NA,NA,NA,NA,5.5,110,-146,NA,NA,906.140186915888,5.8246225319396,NA,NA,125.561753883226
"61","Trey McBride","ARI","TE","https://static.www.nfl.com/image/upload/f_auto,q_auto/league/vd7av3vdfs6q7ncjogac",2025-09-07,NA,NA,NA,NA,NA,NA,900.5,-114,-114,NA,NA,NA,NA,NA,NA,4.5,-136,102,NA,NA,959.411214953271,4.86155395200537,NA,NA,125.110445207359
"62","Zay Flowers","BAL","WR","https://static.www.nfl.com/image/upload/f_auto,q_auto/league/sqqh8gmxdpo55qwpsszj",2025-09-07,NA,NA,NA,NA,NA,NA,900.5,-114,-114,NA,NA,NA,NA,NA,NA,4.5,-132,100,NA,NA,959.411214953271,4.8448275862069,NA,NA,125.010087012568
"63","Breece Hall","NYJ","RB","https://static.www.nfl.com/image/upload/f_auto,q_auto/league/m3dviruymtm2wl2zcpmr",2025-09-07,NA,NA,NA,825.5,-114,-114,NA,NA,NA,NA,NA,NA,5.5,148,-205,NA,NA,NA,879.504672897196,5.7800105764146,NA,NA,NA,NA,122.630530748207
"64","Tetairoa McMillan","CAR","WR","https://static.www.nfl.com/image/upload/f_auto,q_auto/league/hokqp6gl5xujtlqwecg8",2025-09-07,NA,NA,NA,NA,NA,NA,875.5,-114,-114,NA,NA,NA,NA,NA,NA,4.5,-148,112,NA,NA,932.775700934579,4.87066342057212,NA,NA,122.501550616891
"65","DAndre Swift","CHI","RB","https://static.www.nfl.com/image/upload/f_auto,q_auto/league/owpmwzoilitcodc6cmxo",2025-09-07,NA,NA,NA,800.5,-114,-114,NA,NA,NA,NA,NA,NA,5.5,124,-172,NA,NA,NA,852.869158878505,5.84033613445378,NA,NA,NA,NA,120.328932694573
"66","Jahmyr Gibbs","DET","RB","https://static.www.nfl.com/image/upload/f_auto,q_auto/league/hjxk3judytgsxkqiilre",2025-09-07,NA,NA,NA,NA,NA,NA,425.5,-114,-114,NA,NA,NA,10.5,112,-148,NA,NA,NA,NA,11.1564211807669,453.336448598131,NA,NA,NA,112.272171944414
"67","Sam LaPorta","DET","TE","https://static.www.nfl.com/image/upload/f_auto,q_auto/league/qfcy3taaoage00rrl0cc",2025-09-07,NA,NA,NA,NA,NA,NA,675.5,-114,NA,NA,NA,NA,NA,NA,NA,6.5,-102,-130,NA,NA,675.532710280374,6.92595781317262,NA,NA,109.109017907073
"68","Travis Hunter","JAX","WR","https://static.www.nfl.com/image/upload/f_auto,q_auto/league/apfzii6u8pwj9ntvyfkk",2025-09-07,NA,NA,NA,NA,NA,NA,750.5,-114,-114,NA,NA,NA,NA,NA,NA,4.5,-106,-128,NA,NA,799.598130841121,4.8184295690683,NA,NA,108.870390498522
"69","Alvin Kamara","NO","RB","https://static.www.nfl.com/image/private/f_auto,q_auto/league/tl9enad6kiwv6cukf4vt",2025-09-07,NA,NA,NA,750.5,-114,-114,NA,NA,NA,NA,NA,NA,4.5,-114,-114,NA,NA,NA,799.598130841121,4.79439252336449,NA,NA,NA,NA,108.726168224299
"70","Cooper Kupp","SEA","WR","https://static.www.nfl.com/image/upload/f_auto,q_auto/league/lpaxi9rsedlg9sdr5quw",2025-09-07,NA,NA,NA,NA,NA,NA,675.5,-114,-114,NA,NA,NA,NA,NA,NA,5.5,116,-154,NA,NA,719.691588785047,5.8092738407699,NA,NA,106.824801923124
"71","Aaron Jones","MIN","RB","https://static.www.nfl.com/image/upload/f_auto,q_auto/league/bktkfvgfwujkdbzkcfim",2025-09-07,NA,NA,NA,700.5,-114,-114,NA,NA,NA,NA,NA,NA,3.5,-114,-114,NA,NA,NA,746.327102803738,3.72897196261682,NA,NA,NA,NA,97.0065420560747
"72","Mark Andrews","BAL","TE","https://static.www.nfl.com/image/upload/f_auto,q_auto/league/wzx3p0hzm3qyqsrfqznb",2025-09-07,NA,NA,NA,NA,NA,NA,575.5,-114,-114,NA,NA,NA,NA,NA,NA,5.5,-136,102,NA,NA,613.14953271028,5.93287464339654,NA,NA,96.9122011314073
"73","Jerry Jeudy","CLE","WR","https://static.www.nfl.com/image/upload/f_auto,q_auto/league/szca1v9butuqkjs7ekpm",2025-09-07,NA,NA,NA,NA,NA,NA,875.5,-114,-114,NA,NA,NA,NA,NA,NA,NA,NA,NA,NA,NA,932.775700934579,NA,NA,NA,93.2775700934579
"74","Tyler Warren","IND","TE","https://static.www.nfl.com/image/upload/f_auto,q_auto/league/jt2almbzdk0kbha39otb",2025-09-07,NA,NA,NA,NA,NA,NA,575.5,-114,-114,NA,NA,NA,NA,NA,NA,4.5,116,-158,NA,NA,613.14953271028,4.76442721791559,NA,NA,89.9015165785216
"75","Stefon Diggs","NE","WR","https://static.www.nfl.com/image/upload/f_auto,q_auto/league/cemcexmscsarpvwhafln",2025-09-07,NA,NA,NA,NA,NA,NA,750.5,-114,-114,NA,NA,NA,NA,NA,NA,NA,NA,NA,NA,NA,799.598130841121,NA,NA,NA,79.9598130841122
"76","Kyle Pitts","ATL","TE","https://static.www.nfl.com/image/upload/f_auto,q_auto/league/tbec213me3pszzszecqo",2025-09-07,NA,NA,NA,NA,NA,NA,525.5,-114,-114,NA,NA,NA,NA,NA,NA,3.5,-128,-106,NA,NA,559.878504672897,3.78930335547607,NA,NA,78.7236706001461
"77","Deebo Samuel","WAS","WR","https://static.www.nfl.com/image/upload/f_auto,q_auto/league/ntgyhqg6hq7fanhhsqiw",2025-09-07,NA,NA,NA,NA,NA,NA,700.5,-114,-114,NA,NA,NA,NA,NA,NA,NA,NA,NA,NA,NA,746.327102803738,NA,NA,NA,74.6327102803738
"78","TreVeyon Henderson","NE","RB","https://static.www.nfl.com/image/upload/f_auto,q_auto/league/mfxizzhshroo7apwelk2",2025-09-07,NA,NA,NA,700.5,-114,-114,NA,NA,NA,NA,NA,NA,NA,NA,NA,NA,NA,NA,746.327102803738,NA,NA,NA,NA,NA,74.6327102803738
"79","Tucker Kraft","GB","TE","https://static.www.nfl.com/image/upload/f_auto,q_auto/league/yr6nj1zqaqg6nbdnxu3q",2025-09-07,NA,NA,NA,NA,NA,NA,625.5,-114,-114,NA,NA,NA,NA,NA,NA,NA,NA,NA,NA,NA,666.420560747664,NA,NA,NA,66.6420560747664
"80","Dalton Kincaid","BUF","TE","https://static.www.nfl.com/image/upload/f_auto,q_auto/league/zwkeaiecuyafkidllebz",2025-09-07,NA,NA,NA,NA,NA,NA,575.5,-114,-114,NA,NA,NA,NA,NA,NA,NA,NA,NA,NA,NA,613.14953271028,NA,NA,NA,61.314953271028
"81","Colston Loveland","CHI","TE","https://static.www.nfl.com/image/upload/f_auto,q_auto/league/tyjb6vfug7gaunvcune3",2025-09-07,NA,NA,NA,NA,NA,NA,550.5,-114,-114,NA,NA,NA,NA,NA,NA,NA,NA,NA,NA,NA,586.514018691589,NA,NA,NA,58.6514018691589
"82","Justin Jefferson","MIN","WR","https://static.www.nfl.com/image/upload/f_auto,q_auto/league/f0ccavu3ppzcs51e1cuv",2025-09-07,NA,NA,NA,NA,NA,NA,NA,NA,NA,NA,NA,NA,NA,NA,NA,8.5,-158,118,NA,NA,NA,9.18135267761895,NA,NA,55.0881160657137
"83","Mike Evans","TB","WR","https://static.www.nfl.com/image/upload/f_auto,q_auto/league/yaxorbdsvk1ucfuiyrkj",2025-09-07,NA,NA,NA,NA,NA,NA,NA,NA,NA,NA,NA,NA,NA,NA,NA,7.5,-122,-108,NA,NA,NA,8.03101178101178,NA,NA,48.1860706860707
"84","Tee Higgins","CIN","WR","https://static.www.nfl.com/image/upload/f_auto,q_auto/league/flr9f8oqigbyroeaubxb",2025-09-07,NA,NA,NA,NA,NA,NA,NA,NA,NA,NA,NA,NA,NA,NA,NA,7.5,-122,-108,NA,NA,NA,8.03101178101178,NA,NA,48.1860706860707
"85","Brenton Strange","JAX","TE","https://static.www.nfl.com/image/upload/f_auto,q_auto/league/yabpcvadjlrkxzducv7k",2025-09-07,NA,NA,NA,NA,NA,NA,NA,NA,NA,NA,NA,NA,NA,NA,NA,NA,NA,NA,NA,NA,NA,NA,NA,NA,0
"86","Cade Otton","TB","TE","https://static.www.nfl.com/image/upload/f_auto,q_auto/league/dlgxvfpnufpnxkvu1ynb",2025-09-07,NA,NA,NA,NA,NA,NA,NA,NA,NA,NA,NA,NA,NA,NA,NA,NA,NA,NA,NA,NA,NA,NA,NA,NA,0
"87","Cam Skattebo","NYG","RB","https://static.www.nfl.com/image/upload/f_auto,q_auto/league/vnftthkbvw7ucsqtqjpq",2025-09-07,NA,NA,NA,NA,NA,NA,NA,NA,NA,NA,NA,NA,NA,NA,NA,NA,NA,NA,NA,NA,NA,NA,NA,NA,0
"88","Cedric Tillman","CLE","WR","https://static.www.nfl.com/image/upload/f_auto,q_auto/league/fp371fgk45btt01uvucq",2025-09-07,NA,NA,NA,NA,NA,NA,NA,NA,NA,NA,NA,NA,NA,NA,NA,NA,NA,NA,NA,NA,NA,NA,NA,NA,0
"89","Chig Okonkwo","TEN","TE","https://static.www.nfl.com/image/upload/f_auto,q_auto/league/omm5z5iq6dlmidqz1sgz",2025-09-07,NA,NA,NA,NA,NA,NA,NA,NA,NA,NA,NA,NA,NA,NA,NA,NA,NA,NA,NA,NA,NA,NA,NA,NA,0
"90","Chris Olave","NO","WR","https://static.www.nfl.com/image/upload/f_auto,q_auto/league/vrrmyvpvujynckag9jop",2025-09-07,NA,NA,NA,NA,NA,NA,NA,NA,NA,NA,NA,NA,NA,NA,NA,NA,NA,NA,NA,NA,NA,NA,NA,NA,0
"91","Dalton Schultz","HOU","TE","https://static.www.nfl.com/image/upload/f_auto,q_auto/league/xbl9mhuamzv5udb4hyzj",2025-09-07,NA,NA,NA,NA,NA,NA,NA,NA,NA,NA,NA,NA,NA,NA,NA,NA,NA,NA,NA,NA,NA,NA,NA,NA,0
"92","Darius Slayton","NYG","WR","https://static.www.nfl.com/image/upload/f_auto,q_auto/league/fyjkvaekv40jn72d0b3q",2025-09-07,NA,NA,NA,NA,NA,NA,NA,NA,NA,NA,NA,NA,NA,NA,NA,NA,NA,NA,NA,NA,NA,NA,NA,NA,0
"93","Darnell Mooney","ATL","WR","https://static.www.nfl.com/image/upload/f_auto,q_auto/league/eaejonwaflt9drrs9ika",2025-09-07,NA,NA,NA,NA,NA,NA,NA,NA,NA,NA,NA,NA,NA,NA,NA,NA,NA,NA,NA,NA,NA,NA,NA,NA,0
"94","David Njoku","CLE","TE","https://static.www.nfl.com/image/private/f_auto,q_auto/league/ilvxwdllivrvwbuj69cm",2025-09-07,NA,NA,NA,NA,NA,NA,NA,NA,NA,NA,NA,NA,NA,NA,NA,NA,NA,NA,NA,NA,NA,NA,NA,NA,0
"95","Emeka Egbuka","TB","WR","https://static.www.nfl.com/image/upload/f_auto,q_auto/league/qolqqtwamffi0pi4np7h",2025-09-07,NA,NA,NA,NA,NA,NA,NA,NA,NA,NA,NA,NA,NA,NA,NA,NA,NA,NA,NA,NA,NA,NA,NA,NA,0
"96","Evan Engram","DEN","TE","https://static.www.nfl.com/image/upload/f_auto,q_auto/league/vsrjso6phkjqki88qw9y",2025-09-07,NA,NA,NA,NA,NA,NA,NA,NA,NA,NA,NA,NA,NA,NA,NA,NA,NA,NA,NA,NA,NA,NA,NA,NA,0
"97","George Pickens","DAL","WR","https://static.www.nfl.com/image/upload/f_auto,q_auto/league/cbpyykoguf7rsxezqzvk",2025-09-07,NA,NA,NA,NA,NA,NA,NA,NA,NA,NA,NA,NA,NA,NA,NA,NA,NA,NA,NA,NA,NA,NA,NA,NA,0
"98","Jayden Higgins","HOU","WR",NA,2025-09-07,NA,NA,NA,NA,NA,NA,NA,NA,NA,NA,NA,NA,NA,NA,NA,NA,NA,NA,NA,NA,NA,NA,NA,NA,0
"99","Jayden Reed","GB","WR","https://static.www.nfl.com/image/upload/f_auto,q_auto/league/blh2tfg9qjthqo2g6ot4",2025-09-07,NA,NA,NA,NA,NA,NA,NA,NA,NA,NA,NA,NA,NA,NA,NA,NA,NA,NA,NA,NA,NA,NA,NA,NA,0
"100","Jaylen Warren","PIT","RB","https://static.www.nfl.com/image/upload/f_auto,q_auto/league/f3txbqdarbabqtq4sx98",2025-09-07,NA,NA,NA,NA,NA,NA,NA,NA,NA,NA,NA,NA,NA,NA,NA,NA,NA,NA,NA,NA,NA,NA,NA,NA,0
"101","Jonnu Smith","PIT","TE","https://static.www.nfl.com/image/upload/f_auto,q_auto/league/p8uldtljkzb6sile3wgx",2025-09-07,NA,NA,NA,NA,NA,NA,NA,NA,NA,NA,NA,NA,NA,NA,NA,NA,NA,NA,NA,NA,NA,NA,NA,NA,0
"102","Jordan Addison","MIN","WR","https://static.www.nfl.com/image/upload/f_auto,q_auto/league/s2ey8g5memyqvxc52uzy",2025-09-07,NA,NA,NA,NA,NA,NA,NA,NA,NA,NA,NA,NA,NA,NA,NA,NA,NA,NA,NA,NA,NA,NA,NA,NA,0
"103","Jordan Mason","MIN","RB","https://static.www.nfl.com/image/upload/f_auto,q_auto/league/ixykwytfrfz1cdxlhj5w",2025-09-07,NA,NA,NA,NA,NA,NA,NA,NA,NA,NA,NA,NA,NA,NA,NA,NA,NA,NA,NA,NA,NA,NA,NA,NA,0
"104","Josh Downs","IND","WR","https://static.www.nfl.com/image/upload/f_auto,q_auto/league/gqozitn9vxnp8acz6wwg",2025-09-07,NA,NA,NA,NA,NA,NA,NA,NA,NA,NA,NA,NA,NA,NA,NA,NA,NA,NA,NA,NA,NA,NA,NA,NA,0
"105","Kaleb Johnson","PIT","RB","https://static.www.nfl.com/image/upload/f_auto,q_auto/league/sblojderaku4qta1lj2b",2025-09-07,NA,NA,NA,NA,NA,NA,NA,NA,NA,NA,NA,NA,NA,NA,NA,NA,NA,NA,NA,NA,NA,NA,NA,NA,0
"106","Keon Coleman","BUF","WR","https://static.www.nfl.com/image/upload/f_auto,q_auto/league/ipwpdgb0cm3xy3d8zu1l",2025-09-07,NA,NA,NA,NA,NA,NA,NA,NA,NA,NA,NA,NA,NA,NA,NA,NA,NA,NA,NA,NA,NA,NA,NA,NA,0
"107","Luther Burden","CHI","WR","https://static.www.nfl.com/image/upload/f_auto,q_auto/league/iyuwdz7pbowdkwzq2tg5",2025-09-07,NA,NA,NA,NA,NA,NA,NA,NA,NA,NA,NA,NA,NA,NA,NA,NA,NA,NA,NA,NA,NA,NA,NA,NA,0
"108","Marvin Mims","DEN","WR","https://static.www.nfl.com/image/upload/f_auto,q_auto/league/zbdjtph5xplbf4yocz0l",2025-09-07,NA,NA,NA,NA,NA,NA,NA,NA,NA,NA,NA,NA,NA,NA,NA,NA,NA,NA,NA,NA,NA,NA,NA,NA,0
"109","Matthew Golden","GB","WR","https://static.www.nfl.com/image/upload/f_auto,q_auto/league/gkbhlytvkltv5whjo3ru",2025-09-07,NA,NA,NA,NA,NA,NA,NA,NA,NA,NA,NA,NA,NA,NA,NA,NA,NA,NA,NA,NA,NA,NA,NA,NA,0
"110","Michael Pittman","IND","WR","https://static.www.nfl.com/image/upload/f_auto,q_auto/league/z78xpye9hing1e7wke8b",2025-09-07,NA,NA,NA,NA,NA,NA,NA,NA,NA,NA,NA,NA,NA,NA,NA,NA,NA,NA,NA,NA,NA,NA,NA,NA,0
"111","Michael Wilson","ARI","WR","https://static.www.nfl.com/image/upload/f_auto,q_auto/league/yc8awtck004bz2a5oeb8",2025-09-07,NA,NA,NA,NA,NA,NA,NA,NA,NA,NA,NA,NA,NA,NA,NA,NA,NA,NA,NA,NA,NA,NA,NA,NA,0
"112","Mike Gesicki","CIN","TE","https://static.www.nfl.com/image/upload/f_auto,q_auto/league/mfswo0trev4oi2gnb41e",2025-09-07,NA,NA,NA,NA,NA,NA,NA,NA,NA,NA,NA,NA,NA,NA,NA,NA,NA,NA,NA,NA,NA,NA,NA,NA,0
"113","RJ Harvey","DEN","RB","https://static.www.nfl.com/image/upload/f_auto,q_auto/league/i1qxzydetb2orrynzvzk",2025-09-07,NA,NA,NA,NA,NA,NA,NA,NA,NA,NA,NA,NA,NA,NA,NA,NA,NA,NA,NA,NA,NA,NA,NA,NA,0
"114","Rachaad White","TB","RB","https://static.www.nfl.com/image/upload/f_auto,q_auto/league/sxugbms8ketvgmilnlu3",2025-09-07,NA,NA,NA,NA,NA,NA,NA,NA,NA,NA,NA,NA,NA,NA,NA,NA,NA,NA,NA,NA,NA,NA,NA,NA,0
"115","Rashid Shaheed","NO","WR","https://static.www.nfl.com/image/upload/f_auto,q_auto/league/ezsjaj0orlzpuranocyf",2025-09-07,NA,NA,NA,NA,NA,NA,NA,NA,NA,NA,NA,NA,NA,NA,NA,NA,NA,NA,NA,NA,NA,NA,NA,NA,0
"116","Rashod Bateman","BAL","WR","https://static.www.nfl.com/image/upload/f_auto,q_auto/league/gtktmsfcxc1eijwpwzyq",2025-09-07,NA,NA,NA,NA,NA,NA,NA,NA,NA,NA,NA,NA,NA,NA,NA,NA,NA,NA,NA,NA,NA,NA,NA,NA,0
"117","Ray Davis","BUF","RB","https://static.www.nfl.com/image/upload/f_auto,q_auto/league/pm9llppbueodtjjj9u8l",2025-09-07,NA,NA,NA,NA,NA,NA,NA,NA,NA,NA,NA,NA,NA,NA,NA,NA,NA,NA,NA,NA,NA,NA,NA,NA,0
"118","Rhamondre Stevenson","NE","RB","https://static.www.nfl.com/image/upload/f_auto,q_auto/league/ed09migntlyy8ntgvcu1",2025-09-07,NA,NA,NA,NA,NA,NA,NA,NA,NA,NA,NA,NA,NA,NA,NA,NA,NA,NA,NA,NA,NA,NA,NA,NA,0
"119","Ricky Pearsall","SF","WR","https://static.www.nfl.com/image/upload/f_auto,q_auto/league/ko3lwlcfkxaykcspt4nw",2025-09-07,NA,NA,NA,NA,NA,NA,NA,NA,NA,NA,NA,NA,NA,NA,NA,NA,NA,NA,NA,NA,NA,NA,NA,NA,0
"120","TJ Hockenson","MIN","TE","https://static.www.nfl.com/image/upload/f_auto,q_auto/league/rs8o65x0u0n9xzde0fd6",2025-09-07,NA,NA,NA,NA,NA,NA,NA,NA,NA,NA,NA,NA,NA,NA,NA,NA,NA,NA,NA,NA,NA,NA,NA,NA,0
"121","Tank Bigsby","JAX","RB","https://static.www.nfl.com/image/upload/f_auto,q_auto/league/pbdmvxgc4qymtkmeegxr",2025-09-07,NA,NA,NA,NA,NA,NA,NA,NA,NA,NA,NA,NA,NA,NA,NA,NA,NA,NA,NA,NA,NA,NA,NA,NA,0
"122","Travis Etienne","JAX","RB","https://static.www.nfl.com/image/upload/f_auto,q_auto/league/gc0iljgj34piecyfueyd",2025-09-07,NA,NA,NA,NA,NA,NA,NA,NA,NA,NA,NA,NA,NA,NA,NA,NA,NA,NA,NA,NA,NA,NA,NA,NA,0
"123","Trey Benson","ARI","RB","https://static.www.nfl.com/image/upload/f_auto,q_auto/league/x2bxb0fd54ffwwdu5scz",2025-09-07,NA,NA,NA,NA,NA,NA,NA,NA,NA,NA,NA,NA,NA,NA,NA,NA,NA,NA,NA,NA,NA,NA,NA,NA,0
"124","Tutu Atwell","LAR","WR","https://static.www.nfl.com/image/upload/f_auto,q_auto/league/twlslcaa7c2wblveaafu",2025-09-07,NA,NA,NA,NA,NA,NA,NA,NA,NA,NA,NA,NA,NA,NA,NA,NA,NA,NA,NA,NA,NA,NA,NA,NA,0
"125","Tyler Allgeier","ATL","RB","https://static.www.nfl.com/image/upload/f_auto,q_auto/league/buwaomfsz4y6orgb0cyg",2025-09-07,NA,NA,NA,NA,NA,NA,NA,NA,NA,NA,NA,NA,NA,NA,NA,NA,NA,NA,NA,NA,NA,NA,NA,NA,0
"126","Tyrone Tracy","NYG","RB","https://static.www.nfl.com/image/upload/f_auto,q_auto/league/b9nje50lohbprf06xoom",2025-09-07,NA,NA,NA,NA,NA,NA,NA,NA,NA,NA,NA,NA,NA,NA,NA,NA,NA,NA,NA,NA,NA,NA,NA,NA,0
"127","Xavier Legette","CAR","WR","https://static.www.nfl.com/image/upload/f_auto,q_auto/league/j4jj8rvgzji7zut86ux7",2025-09-07,NA,NA,NA,NA,NA,NA,NA,NA,NA,NA,NA,NA,NA,NA,NA,NA,NA,NA,NA,NA,NA,NA,NA,NA,0
"128","Zach Charbonnet","SEA","RB","https://static.www.nfl.com/image/upload/f_auto,q_auto/league/jqbzg5e8pdltbnb7hc8p",2025-09-07,NA,NA,NA,NA,NA,NA,NA,NA,NA,NA,NA,NA,NA,NA,NA,NA,NA,NA,NA,NA,NA,NA,NA,NA,0
