"player","team","date","pass_yds_line","pass_yds_over_price","pass_yds_under_price","rush_yds_line","rush_yds_over_price","rush_yds_under_price","rec_yds_line","rec_yds_over_price","rec_yds_under_price","pass_tds_line","pass_tds_over_price","pass_tds_under_price","rush_tds_line","rush_tds_over_price","rush_tds_under_price","rec_tds_line","rec_tds_over_price","rec_tds_under_price"
"Joe Burrow","CIN",2025-09-07,4275.5,-114,-114,NA,NA,NA,NA,NA,NA,33.5,-122,-108,NA,NA,NA,NA,NA,NA
"Jared Goff","DET",2025-09-07,3875.5,-114,-114,NA,NA,NA,NA,NA,NA,28.5,-102,-130,NA,NA,NA,NA,NA,NA
"Brock Purdy","SF",2025-09-07,3850.5,-114,-114,NA,NA,NA,NA,NA,NA,24.5,100,-132,NA,NA,NA,NA,NA,NA
"Justin Fields","NYJ",2025-09-07,3800.5,-114,-114,650.5,-114,-114,NA,NA,NA,14.5,-108,-122,6.5,-102,-130,NA,NA,NA
"Baker Mayfield","TB",2025-09-07,NA,NA,NA,NA,NA,NA,NA,NA,NA,29.5,-122,-108,NA,NA,NA,NA,NA,NA
"C.J. Stroud","HOU",2025-09-07,3800.5,-114,-114,NA,NA,NA,NA,NA,NA,21.5,-108,-122,NA,NA,NA,NA,NA,NA
"Josh Allen","BUF",2025-09-07,3775.5,-114,-114,500.5,-114,-114,NA,NA,NA,27.5,112,-148,10.5,-104,-128,NA,NA,NA
"Trevor Lawrence","JAX",2025-09-07,3750.5,-114,-114,NA,NA,NA,NA,NA,NA,22.5,-122,-108,NA,NA,NA,NA,NA,NA
"Geno Smith","LV",2025-09-07,3600.5,-114,-114,NA,NA,NA,NA,NA,NA,20.5,100,-132,NA,NA,NA,NA,NA,NA
"Caleb Williams","CHI",2025-09-07,3625.5,-114,-114,400.5,-114,-114,NA,NA,NA,22.5,-136,102,NA,NA,NA,NA,NA,NA
"J.J. McCarthy","MIN",2025-09-07,3575.5,-114,-114,NA,NA,NA,NA,NA,NA,24.5,-102,-132,NA,NA,NA,NA,NA,NA
"Jordan Love","GB",2025-09-07,3525.5,-114,-114,NA,NA,NA,NA,NA,NA,25.5,-102,-130,NA,NA,NA,NA,NA,NA
"Bo Nix","DEN",2025-09-07,3500.5,-114,-114,NA,NA,NA,NA,NA,NA,24.5,-114,-114,NA,NA,NA,NA,NA,NA
"Lamar Jackson","BAL",2025-09-07,3475.5,-114,-114,775.5,-114,-114,NA,NA,NA,28.5,-114,-114,3.5,-178,132,NA,NA,NA
"Michael Penix","ATL",2025-09-07,3400.5,-114,-114,NA,NA,NA,NA,NA,NA,18.5,-130,-104,NA,NA,NA,NA,NA,NA
"Jayden Daniels","WAS",2025-09-07,3425.5,-114,-114,675.5,-114,-114,NA,NA,NA,24.5,114,-158,5.5,-130,-102,NA,NA,NA
"Tua Tagovailoa","MIA",2025-09-07,3425.5,-114,-114,NA,NA,NA,NA,NA,NA,22.5,-114,-114,NA,NA,NA,NA,NA,NA
"Kyler Murray","ARI",2025-09-07,3375.5,-114,-114,475.5,-114,-114,NA,NA,NA,20.5,100,-132,4.5,122,-162,NA,NA,NA
"Sam Darnold","SEA",2025-09-07,3350.5,-114,-114,NA,NA,NA,NA,NA,NA,20.5,112,-148,NA,NA,NA,NA,NA,NA
"Drake Maye","NE",2025-09-07,3275.5,-114,-114,NA,NA,NA,NA,NA,NA,20.5,-108,-122,NA,NA,NA,NA,NA,NA
"Bryce Young","CAR",2025-09-07,3200.5,-114,-114,NA,NA,NA,NA,NA,NA,18.5,-102,-130,NA,NA,NA,NA,NA,NA
"Aaron Rodgers","PIT",2025-09-07,3150.5,-114,-114,NA,NA,NA,NA,NA,NA,22.5,-108,-125,NA,NA,NA,NA,NA,NA
"Cam Ward","TEN",2025-09-07,3200.5,-114,-114,NA,NA,NA,NA,NA,NA,18.5,100,-132,NA,NA,NA,NA,NA,NA
"Derrick Henry","BAL",2025-09-07,NA,NA,NA,1325.5,-114,-114,NA,NA,NA,NA,NA,NA,12.5,-130,-102,NA,NA,NA
"Bijan Robinson","ATL",2025-09-07,NA,NA,NA,1200.5,-114,-114,375.5,-114,-114,NA,NA,NA,10.5,112,-148,NA,NA,NA
"Jonathan Taylor","IND",2025-09-07,NA,NA,NA,1200.5,-114,-114,NA,NA,NA,NA,NA,NA,9.5,-102,-130,NA,NA,NA
"Jahmyr Gibbs","DET",2025-09-07,NA,NA,NA,NA,NA,NA,425.5,-114,-114,NA,NA,NA,10.5,112,-148,NA,NA,NA
"Josh Jacobs","GB",2025-09-07,NA,NA,NA,1050.5,-114,-114,NA,NA,NA,NA,NA,NA,10.5,112,-148,NA,NA,NA
"Ashton Jeanty","LV",2025-09-07,NA,NA,NA,1075.5,-114,-114,NA,NA,NA,NA,NA,NA,7.5,-130,-102,NA,NA,NA
"Kyren Williams","LAR",2025-09-07,NA,NA,NA,1000.5,-114,-114,NA,NA,NA,NA,NA,NA,10.5,-102,-130,NA,NA,NA
"Bucky Irving","TB",2025-09-07,NA,NA,NA,1000.5,-114,-114,NA,NA,NA,NA,NA,NA,7.5,-102,-130,NA,NA,NA
"Chuba Hubbard","CAR",2025-09-07,NA,NA,NA,950.5,-114,-114,NA,NA,NA,NA,NA,NA,6.5,100,-132,NA,NA,NA
"James Cook","BUF",2025-09-07,NA,NA,NA,950.5,-114,-114,NA,NA,NA,NA,NA,NA,8.5,-130,-102,NA,NA,NA
"Chase Brown","CIN",2025-09-07,NA,NA,NA,925.5,-114,-114,NA,NA,NA,NA,NA,NA,6.5,-114,-114,NA,NA,NA
"Tony Pollard","TEN",2025-09-07,NA,NA,NA,950.5,-114,-114,NA,NA,NA,NA,NA,NA,5.5,-114,-114,NA,NA,NA
"James Conner","ARI",2025-09-07,NA,NA,NA,875.5,-114,-114,NA,NA,NA,NA,NA,NA,7.5,-108,-122,NA,NA,NA
"De'Von Achane","MIA",2025-09-07,NA,NA,NA,875.5,-114,-114,NA,NA,NA,NA,NA,NA,7.5,116,-158,NA,NA,NA
"Kenneth Walker","SEA",2025-09-07,NA,NA,NA,850.5,-114,-114,NA,NA,NA,NA,NA,NA,6.5,-122,-108,NA,NA,NA
"Breece Hall","NYJ",2025-09-07,NA,NA,NA,825.5,-114,-114,NA,NA,NA,NA,NA,NA,5.5,148,-205,NA,NA,NA
"D'Andre Swift","CHI",2025-09-07,NA,NA,NA,800.5,-114,-114,NA,NA,NA,NA,NA,NA,5.5,124,-172,NA,NA,NA
"Alvin Kamara","NO",2025-09-07,NA,NA,NA,750.5,-114,-114,NA,NA,NA,NA,NA,NA,4.5,-114,-114,NA,NA,NA
"RJ Harvey","DEN",2025-09-07,NA,NA,NA,NA,NA,NA,NA,NA,NA,NA,NA,NA,NA,NA,NA,NA,NA,NA
"Tyrone Tracy","NYG",2025-09-07,NA,NA,NA,NA,NA,NA,NA,NA,NA,NA,NA,NA,NA,NA,NA,NA,NA,NA
"David Montgomery","DET",2025-09-07,NA,NA,NA,725.5,-114,-114,NA,NA,NA,NA,NA,NA,8.5,-148,112,NA,NA,NA
"Aaron Jones","MIN",2025-09-07,NA,NA,NA,700.5,-114,-114,NA,NA,NA,NA,NA,NA,3.5,-114,-114,NA,NA,NA
"TreVeyon Henderson","NE",2025-09-07,NA,NA,NA,700.5,-114,-114,NA,NA,NA,NA,NA,NA,NA,NA,NA,NA,NA,NA
"Kaleb Johnson","PIT",2025-09-07,NA,NA,NA,NA,NA,NA,NA,NA,NA,NA,NA,NA,NA,NA,NA,NA,NA,NA
"Tank Bigsby","JAX",2025-09-07,NA,NA,NA,NA,NA,NA,NA,NA,NA,NA,NA,NA,NA,NA,NA,NA,NA,NA
"Rhamondre Stevenson","NE",2025-09-07,NA,NA,NA,NA,NA,NA,NA,NA,NA,NA,NA,NA,NA,NA,NA,NA,NA,NA
"Jaylen Warren","PIT",2025-09-07,NA,NA,NA,NA,NA,NA,NA,NA,NA,NA,NA,NA,NA,NA,NA,NA,NA,NA
"Jordan Mason","MIN",2025-09-07,NA,NA,NA,NA,NA,NA,NA,NA,NA,NA,NA,NA,NA,NA,NA,NA,NA,NA
"Trey Benson","ARI",2025-09-07,NA,NA,NA,NA,NA,NA,NA,NA,NA,NA,NA,NA,NA,NA,NA,NA,NA,NA
"Tyler Allgeier","ATL",2025-09-07,NA,NA,NA,NA,NA,NA,NA,NA,NA,NA,NA,NA,NA,NA,NA,NA,NA,NA
"Zach Charbonnet","SEA",2025-09-07,NA,NA,NA,NA,NA,NA,NA,NA,NA,NA,NA,NA,NA,NA,NA,NA,NA,NA
"Travis Etienne","JAX",2025-09-07,NA,NA,NA,NA,NA,NA,NA,NA,NA,NA,NA,NA,NA,NA,NA,NA,NA,NA
"Ray Davis","BUF",2025-09-07,NA,NA,NA,NA,NA,NA,NA,NA,NA,NA,NA,NA,NA,NA,NA,NA,NA,NA
"Cam Skattebo","NYG",2025-09-07,NA,NA,NA,NA,NA,NA,NA,NA,NA,NA,NA,NA,NA,NA,NA,NA,NA,NA
"Rachaad White","TB",2025-09-07,NA,NA,NA,NA,NA,NA,NA,NA,NA,NA,NA,NA,NA,NA,NA,NA,NA,NA
"Ja'Marr Chase","CIN",2025-09-07,NA,NA,NA,NA,NA,NA,1325.5,-114,-114,NA,NA,NA,NA,NA,NA,10.5,-130,-102
"Justin Jefferson","MIN",2025-09-07,NA,NA,NA,NA,NA,NA,NA,NA,NA,NA,NA,NA,NA,NA,NA,8.5,-158,118
"Puka Nacua","LAR",2025-09-07,NA,NA,NA,NA,NA,NA,1200.5,-114,-114,NA,NA,NA,NA,NA,NA,5.5,-136,102
"Malik Nabers","NYG",2025-09-07,NA,NA,NA,NA,NA,NA,1150.5,-114,-114,NA,NA,NA,NA,NA,NA,7.5,-108,-122
"Brian Thomas","JAX",2025-09-07,NA,NA,NA,NA,NA,NA,1150.5,-114,-114,NA,NA,NA,NA,NA,NA,7.5,120,-160
"Nico Collins","HOU",2025-09-07,NA,NA,NA,NA,NA,NA,1150.5,-114,-114,NA,NA,NA,NA,NA,NA,6.5,-140,106
"Drake London","ATL",2025-09-07,NA,NA,NA,NA,NA,NA,1150.5,-114,-114,NA,NA,NA,NA,NA,NA,7.5,-106,-125
"Amon-Ra St. Brown","DET",2025-09-07,NA,NA,NA,NA,NA,NA,1075.5,-114,-114,NA,NA,NA,NA,NA,NA,8.5,-110,-120
"Brock Bowers","LV",2025-09-07,NA,NA,NA,NA,NA,NA,1025.5,-114,-114,NA,NA,NA,NA,NA,NA,5.5,120,-160
"Mike Evans","TB",2025-09-07,NA,NA,NA,NA,NA,NA,NA,NA,NA,NA,NA,NA,NA,NA,NA,7.5,-122,-108
"Terry McLaurin","WAS",2025-09-07,NA,NA,NA,NA,NA,NA,975.5,-114,-114,NA,NA,NA,NA,NA,NA,6.5,-128,-104
"Tyreek Hill","MIA",2025-09-07,NA,NA,NA,NA,NA,NA,950.5,-114,-114,NA,NA,NA,NA,NA,NA,7.5,128,-172
"Tee Higgins","CIN",2025-09-07,NA,NA,NA,NA,NA,NA,NA,NA,NA,NA,NA,NA,NA,NA,NA,7.5,-122,-108
"Jaxon Smith-Njigba","SEA",2025-09-07,NA,NA,NA,NA,NA,NA,975.5,-114,-114,NA,NA,NA,NA,NA,NA,5.5,-130,-102
"Davante Adams","LAR",2025-09-07,NA,NA,NA,NA,NA,NA,925.5,-114,-114,NA,NA,NA,NA,NA,NA,7.5,-102,-136
"DJ Moore","CHI",2025-09-07,NA,NA,NA,NA,NA,NA,950.5,-114,-114,NA,NA,NA,NA,NA,NA,6.5,104,-138
"Garrett Wilson","NYJ",2025-09-07,NA,NA,NA,NA,NA,NA,950.5,-114,-114,NA,NA,NA,NA,NA,NA,4.5,-136,102
"DK Metcalf","PIT",2025-09-07,NA,NA,NA,NA,NA,NA,925.5,-114,-114,NA,NA,NA,NA,NA,NA,6.5,-114,-114
"Calvin Ridley","TEN",2025-09-07,NA,NA,NA,NA,NA,NA,925.5,-114,-114,NA,NA,NA,NA,NA,NA,5.5,-114,-114
"Jaylen Waddle","MIA",2025-09-07,NA,NA,NA,NA,NA,NA,925.5,-114,-114,NA,NA,NA,NA,NA,NA,5.5,154,-210
"George Kittle","SF",2025-09-07,NA,NA,NA,NA,NA,NA,900.5,-114,-114,NA,NA,NA,NA,NA,NA,6.5,118,-158
"Jameson Williams","DET",2025-09-07,NA,NA,NA,NA,NA,NA,900.5,-114,-114,NA,NA,NA,NA,NA,NA,5.5,-108,-122
"Zay Flowers","BAL",2025-09-07,NA,NA,NA,NA,NA,NA,900.5,-114,-114,NA,NA,NA,NA,NA,NA,4.5,-132,100
"Trey McBride","ARI",2025-09-07,NA,NA,NA,NA,NA,NA,900.5,-114,-114,NA,NA,NA,NA,NA,NA,4.5,-136,102
"Jerry Jeudy","CLE",2025-09-07,NA,NA,NA,NA,NA,NA,875.5,-114,-114,NA,NA,NA,NA,NA,NA,NA,NA,NA
"George Pickens","DAL",2025-09-07,NA,NA,NA,NA,NA,NA,NA,NA,NA,NA,NA,NA,NA,NA,NA,NA,NA,NA
"Tetairoa McMillan","CAR",2025-09-07,NA,NA,NA,NA,NA,NA,875.5,-114,-114,NA,NA,NA,NA,NA,NA,4.5,-148,112
"Ricky Pearsall","SF",2025-09-07,NA,NA,NA,NA,NA,NA,NA,NA,NA,NA,NA,NA,NA,NA,NA,NA,NA,NA
"Courtland Sutton","DEN",2025-09-07,NA,NA,NA,NA,NA,NA,900.5,-114,-114,NA,NA,NA,NA,NA,NA,6.5,-128,-104
"Rome Odunze","CHI",2025-09-07,NA,NA,NA,NA,NA,NA,850.5,-114,-114,NA,NA,NA,NA,NA,NA,5.5,110,-146
"Emeka Egbuka","TB",2025-09-07,NA,NA,NA,NA,NA,NA,NA,NA,NA,NA,NA,NA,NA,NA,NA,NA,NA,NA
"Chris Olave","NO",2025-09-07,NA,NA,NA,NA,NA,NA,NA,NA,NA,NA,NA,NA,NA,NA,NA,NA,NA,NA
"Stefon Diggs","NE",2025-09-07,NA,NA,NA,NA,NA,NA,750.5,-114,-114,NA,NA,NA,NA,NA,NA,NA,NA,NA
"Travis Hunter","JAX",2025-09-07,NA,NA,NA,NA,NA,NA,750.5,-114,-114,NA,NA,NA,NA,NA,NA,4.5,-106,-128
"Michael Pittman","IND",2025-09-07,NA,NA,NA,NA,NA,NA,NA,NA,NA,NA,NA,NA,NA,NA,NA,NA,NA,NA
"Keon Coleman","BUF",2025-09-07,NA,NA,NA,NA,NA,NA,NA,NA,NA,NA,NA,NA,NA,NA,NA,NA,NA,NA
"Josh Downs","IND",2025-09-07,NA,NA,NA,NA,NA,NA,NA,NA,NA,NA,NA,NA,NA,NA,NA,NA,NA,NA
"Matthew Golden","GB",2025-09-07,NA,NA,NA,NA,NA,NA,NA,NA,NA,NA,NA,NA,NA,NA,NA,NA,NA,NA
"T.J. Hockenson","MIN",2025-09-07,NA,NA,NA,NA,NA,NA,NA,NA,NA,NA,NA,NA,NA,NA,NA,NA,NA,NA
"Deebo Samuel","WAS",2025-09-07,NA,NA,NA,NA,NA,NA,700.5,-114,-114,NA,NA,NA,NA,NA,NA,NA,NA,NA
"Rashid Shaheed","NO",2025-09-07,NA,NA,NA,NA,NA,NA,NA,NA,NA,NA,NA,NA,NA,NA,NA,NA,NA,NA
"Darnell Mooney","ATL",2025-09-07,NA,NA,NA,NA,NA,NA,NA,NA,NA,NA,NA,NA,NA,NA,NA,NA,NA,NA
"David Njoku","CLE",2025-09-07,NA,NA,NA,NA,NA,NA,NA,NA,NA,NA,NA,NA,NA,NA,NA,NA,NA,NA
"Jordan Addison","MIN",2025-09-07,NA,NA,NA,NA,NA,NA,NA,NA,NA,NA,NA,NA,NA,NA,NA,NA,NA,NA
"Sam LaPorta","DET",2025-09-07,NA,NA,NA,NA,NA,NA,675.5,-114,NA,NA,NA,NA,NA,NA,NA,6.5,-102,-130
"Cooper Kupp","SEA",2025-09-07,NA,NA,NA,NA,NA,NA,675.5,-114,-114,NA,NA,NA,NA,NA,NA,5.5,116,-154
"Jayden Higgins","HOU",2025-09-07,NA,NA,NA,NA,NA,NA,NA,NA,NA,NA,NA,NA,NA,NA,NA,NA,NA,NA
"Cedric Tillman","CLE",2025-09-07,NA,NA,NA,NA,NA,NA,NA,NA,NA,NA,NA,NA,NA,NA,NA,NA,NA,NA
"Colston Loveland","CHI",2025-09-07,NA,NA,NA,NA,NA,NA,550.5,-114,-114,NA,NA,NA,NA,NA,NA,NA,NA,NA
"Xavier Legette","CAR",2025-09-07,NA,NA,NA,NA,NA,NA,NA,NA,NA,NA,NA,NA,NA,NA,NA,NA,NA,NA
"Jayden Reed","GB",2025-09-07,NA,NA,NA,NA,NA,NA,NA,NA,NA,NA,NA,NA,NA,NA,NA,NA,NA,NA
"Mark Andrews","BAL",2025-09-07,NA,NA,NA,NA,NA,NA,575.5,-114,-114,NA,NA,NA,NA,NA,NA,5.5,-136,102
"Tucker Kraft","GB",2025-09-07,NA,NA,NA,NA,NA,NA,625.5,-114,-114,NA,NA,NA,NA,NA,NA,NA,NA,NA
"Dalton Kincaid","BUF",2025-09-07,NA,NA,NA,NA,NA,NA,575.5,-114,-114,NA,NA,NA,NA,NA,NA,NA,NA,NA
"Tyler Warren","IND",2025-09-07,NA,NA,NA,NA,NA,NA,575.5,-114,-114,NA,NA,NA,NA,NA,NA,4.5,116,-158
"Evan Engram","DEN",2025-09-07,NA,NA,NA,NA,NA,NA,NA,NA,NA,NA,NA,NA,NA,NA,NA,NA,NA,NA
"Rashod Bateman","BAL",2025-09-07,NA,NA,NA,NA,NA,NA,NA,NA,NA,NA,NA,NA,NA,NA,NA,NA,NA,NA
"Kyle Pitts","ATL",2025-09-07,NA,NA,NA,NA,NA,NA,525.5,-114,-114,NA,NA,NA,NA,NA,NA,3.5,-128,-106
"Jonnu Smith","PIT",2025-09-07,NA,NA,NA,NA,NA,NA,NA,NA,NA,NA,NA,NA,NA,NA,NA,NA,NA,NA
"Michael Wilson","ARI",2025-09-07,NA,NA,NA,NA,NA,NA,NA,NA,NA,NA,NA,NA,NA,NA,NA,NA,NA,NA
"Marvin Harrison","ARI",2025-09-07,NA,NA,NA,NA,NA,NA,975.5,-114,-114,NA,NA,NA,NA,NA,NA,6.5,-122,-108
"Marvin Mims","DEN",2025-09-07,NA,NA,NA,NA,NA,NA,NA,NA,NA,NA,NA,NA,NA,NA,NA,NA,NA,NA
"Darius Slayton","NYG",2025-09-07,NA,NA,NA,NA,NA,NA,NA,NA,NA,NA,NA,NA,NA,NA,NA,NA,NA,NA
"Brenton Strange","JAX",2025-09-07,NA,NA,NA,NA,NA,NA,NA,NA,NA,NA,NA,NA,NA,NA,NA,NA,NA,NA
"Chig Okonkwo","TEN",2025-09-07,NA,NA,NA,NA,NA,NA,NA,NA,NA,NA,NA,NA,NA,NA,NA,NA,NA,NA
"Cade Otton","TB",2025-09-07,NA,NA,NA,NA,NA,NA,NA,NA,NA,NA,NA,NA,NA,NA,NA,NA,NA,NA
"Tutu Atwell","LAR",2025-09-07,NA,NA,NA,NA,NA,NA,NA,NA,NA,NA,NA,NA,NA,NA,NA,NA,NA,NA
"Luther Burden","CHI",2025-09-07,NA,NA,NA,NA,NA,NA,NA,NA,NA,NA,NA,NA,NA,NA,NA,NA,NA,NA
"Dalton Schultz","HOU",2025-09-07,NA,NA,NA,NA,NA,NA,NA,NA,NA,NA,NA,NA,NA,NA,NA,NA,NA,NA
"Mike Gesicki","CIN",2025-09-07,NA,NA,NA,NA,NA,NA,NA,NA,NA,NA,NA,NA,NA,NA,NA,NA,NA,NA
